Possibility,Actor1,Actor2,Question,Answer
1,BP_pipeline_C_UAID_18C04D8F75B69C7302_2034457391_SM_Bedroom_Backpack_001V,BP_pipeline_C_UAID_18C04D8F75B69C7302_2034457391_SM_Bedroom_Bed_001V,"Measuring from the closest point of each object, what is the distance between the backpack and the bed (in meters)?",0.42
2,BP_pipeline_C_UAID_18C04D8F75B69C7302_2034457391_SM_Bedroom_Backpack_001V,BP_pipeline_C_UAID_18C04D8F75B69C7302_2034457391_SM_Bedroom_Couch_001V,"Measuring from the closest point of each object, what is the distance between the backpack and the couch (in meters)?",4.28
3,BP_pipeline_C_UAID_18C04D8F75B69C7302_2034457391_SM_Bedroom_Backpack_001V,BP_pipeline_C_UAID_18C04D8F75B69C7302_2034457391_SM_Bedroom_Sidetable_006V,"Measuring from the closest point of each object, what is the distance between the backpack and the sidetable (in meters)?",0.36
4,BP_pipeline_C_UAID_18C04D8F75B69C7302_2034457391_SM_Bedroom_Backpack_001V,BP_pipeline_C_UAID_18C04D8F75B69C7302_2034457391_SM_Bedroom_Suitcase_001V,"Measuring from the closest point of each object, what is the distance between the backpack and the suitcase (in meters)?",0.91
5,BP_pipeline_C_UAID_18C04D8F75B69C7302_2034457391_SM_Bedroom_Backpack_001V,BP_pipeline_C_UAID_18C04D8F75B69C7302_2034457391_SM_TargetActor_Basket_001V,"Measuring from the closest point of each object, what is the distance between the backpack and the basket (in meters)?",0.37
6,BP_pipeline_C_UAID_18C04D8F75B69C7302_2034457391_SM_Bedroom_Backpack_001V,BP_pipeline_C_UAID_18C04D8F75B69C7302_2034457391_SM_TargetActor_Crate_002V,"Measuring from the closest point of each object, what is the distance between the backpack and the crate (in meters)?",0.19
7,BP_pipeline_C_UAID_18C04D8F75B69C7302_2034457391_SM_Bedroom_Backpack_001V,BP_pipeline_C_UAID_18C04D8F75B69C7302_2034457391_SM_TargetActor_PaperBag_001V,"Measuring from the closest point of each object, what is the distance between the backpack and the paper bag (in meters)?",0.15
8,BP_pipeline_C_UAID_18C04D8F75B69C7302_2034457391_SM_Bedroom_Backpack_001V,BP_pipeline_C_UAID_18C04D8F75B69C7302_2034457391_SM_TargetActor_Plant_002V,"Measuring from the closest point of each object, what is the distance between the backpack and the plant (in meters)?",0.56
9,BP_pipeline_C_UAID_18C04D8F75B69C7302_2034457391_SM_Bedroom_Backpack_001V,BP_pipeline_C_UAID_18C04D8F75B69C7302_2034457391_SM_TargetActor_Heater_002V,"Measuring from the closest point of each object, what is the distance between the backpack and the heater (in meters)?",1.97
10,BP_pipeline_C_UAID_18C04D8F75B69C7302_2034457391_SM_Bedroom_Backpack_001V,BP_pipeline_C_UAID_18C04D8F75B69C7302_2034457391_SM_Bedroom_Couch_002V,"Measuring from the closest point of each object, what is the distance between the backpack and the couch (in meters)?",2.1
11,BP_pipeline_C_UAID_18C04D8F75B69C7302_2034457391_SM_Bedroom_Backpack_001V,BP_pipeline_C_UAID_18C04D8F75B69C7302_2034457391_SM_Kitchen_table_rectangle,"Measuring from the closest point of each object, what is the distance between the backpack and the table (in meters)?",7.6
12,BP_pipeline_C_UAID_18C04D8F75B69C7302_2034457391_SM_Bedroom_Bed_001V,BP_pipeline_C_UAID_18C04D8F75B69C7302_2034457391_SM_Bedroom_Couch_001V,"Measuring from the closest point of each object, what is the distance between the bed and the couch (in meters)?",5.04
13,BP_pipeline_C_UAID_18C04D8F75B69C7302_2034457391_SM_Bedroom_Bed_001V,BP_pipeline_C_UAID_18C04D8F75B69C7302_2034457391_SM_Bedroom_Sidetable_006V,"Measuring from the closest point of each object, what is the distance between the bed and the sidetable (in meters)?",0.21
14,BP_pipeline_C_UAID_18C04D8F75B69C7302_2034457391_SM_Bedroom_Bed_001V,BP_pipeline_C_UAID_18C04D8F75B69C7302_2034457391_SM_Bedroom_Suitcase_001V,"Measuring from the closest point of each object, what is the distance between the bed and the suitcase (in meters)?",0.21
15,BP_pipeline_C_UAID_18C04D8F75B69C7302_2034457391_SM_Bedroom_Bed_001V,BP_pipeline_C_UAID_18C04D8F75B69C7302_2034457391_SM_TargetActor_Crate_002V,"Measuring from the closest point of each object, what is the distance between the bed and the crate (in meters)?",0.46
16,BP_pipeline_C_UAID_18C04D8F75B69C7302_2034457391_SM_Bedroom_Bed_001V,BP_pipeline_C_UAID_18C04D8F75B69C7302_2034457391_SM_TargetActor_PaperBag_001V,"Measuring from the closest point of each object, what is the distance between the bed and the paper bag (in meters)?",0.34
17,BP_pipeline_C_UAID_18C04D8F75B69C7302_2034457391_SM_Bedroom_Bed_001V,BP_pipeline_C_UAID_18C04D8F75B69C7302_2034457391_SM_TargetActor_Plant_002V,"Measuring from the closest point of each object, what is the distance between the bed and the plant (in meters)?",0.81
18,BP_pipeline_C_UAID_18C04D8F75B69C7302_2034457391_SM_Bedroom_Bed_001V,BP_pipeline_C_UAID_18C04D8F75B69C7302_2034457391_SM_TargetActor_Heater_002V,"Measuring from the closest point of each object, what is the distance between the bed and the heater (in meters)?",0.97
19,BP_pipeline_C_UAID_18C04D8F75B69C7302_2034457391_SM_Bedroom_Bed_001V,BP_pipeline_C_UAID_18C04D8F75B69C7302_2034457391_SM_Kitchen_table_rectangle,"Measuring from the closest point of each object, what is the distance between the bed and the table (in meters)?",8.36
20,BP_pipeline_C_UAID_18C04D8F75B69C7302_2034457391_SM_Bedroom_Couch_001V,BP_pipeline_C_UAID_18C04D8F75B69C7302_2034457391_SM_Bedroom_Sidetable_005V,"Measuring from the closest point of each object, what is the distance between the couch and the sidetable (in meters)?",4.23
21,BP_pipeline_C_UAID_18C04D8F75B69C7302_2034457391_SM_Bedroom_Couch_001V,BP_pipeline_C_UAID_18C04D8F75B69C7302_2034457391_SM_Bedroom_Sidetable_006V,"Measuring from the closest point of each object, what is the distance between the couch and the sidetable (in meters)?",4.29
22,BP_pipeline_C_UAID_18C04D8F75B69C7302_2034457391_SM_Bedroom_Couch_001V,BP_pipeline_C_UAID_18C04D8F75B69C7302_2034457391_SM_Bedroom_Suitcase_001V,"Measuring from the closest point of each object, what is the distance between the couch and the suitcase (in meters)?",4.39
23,BP_pipeline_C_UAID_18C04D8F75B69C7302_2034457391_SM_Bedroom_Couch_001V,BP_pipeline_C_UAID_18C04D8F75B69C7302_2034457391_SM_TargetActor_Basket_001V,"Measuring from the closest point of each object, what is the distance between the couch and the basket (in meters)?",4.99
24,BP_pipeline_C_UAID_18C04D8F75B69C7302_2034457391_SM_Bedroom_Couch_001V,BP_pipeline_C_UAID_18C04D8F75B69C7302_2034457391_SM_TargetActor_Crate_002V,"Measuring from the closest point of each object, what is the distance between the couch and the crate (in meters)?",4.29
25,BP_pipeline_C_UAID_18C04D8F75B69C7302_2034457391_SM_Bedroom_Couch_001V,BP_pipeline_C_UAID_18C04D8F75B69C7302_2034457391_SM_TargetActor_PaperBag_001V,"Measuring from the closest point of each object, what is the distance between the couch and the paper bag (in meters)?",4.46
26,BP_pipeline_C_UAID_18C04D8F75B69C7302_2034457391_SM_Bedroom_Couch_001V,BP_pipeline_C_UAID_18C04D8F75B69C7302_2034457391_SM_TargetActor_Plant_002V,"Measuring from the closest point of each object, what is the distance between the couch and the plant (in meters)?",3.6
27,BP_pipeline_C_UAID_18C04D8F75B69C7302_2034457391_SM_Bedroom_Couch_001V,BP_pipeline_C_UAID_18C04D8F75B69C7302_2034457391_SM_TargetActor_Heater_002V,"Measuring from the closest point of each object, what is the distance between the couch and the heater (in meters)?",4.23
28,BP_pipeline_C_UAID_18C04D8F75B69C7302_2034457391_SM_Bedroom_Couch_001V,BP_pipeline_C_UAID_18C04D8F75B69C7302_2034457391_SM_Bedroom_Couch_002V,"Measuring from the closest point of each object, what is the distance between the couch and the couch (in meters)?",6.29
29,BP_pipeline_C_UAID_18C04D8F75B69C7302_2034457391_SM_Bedroom_Couch_001V,BP_pipeline_C_UAID_18C04D8F75B69C7302_2034457391_SM_Kitchen_table_rectangle,"Measuring from the closest point of each object, what is the distance between the couch and the table (in meters)?",2.41
30,BP_pipeline_C_UAID_18C04D8F75B69C7302_2034457391_SM_Bedroom_Sidetable_005V,BP_pipeline_C_UAID_18C04D8F75B69C7302_2034457391_SM_Bedroom_Sidetable_006V,"Measuring from the closest point of each object, what is the distance between the sidetable and the sidetable (in meters)?",0.68
31,BP_pipeline_C_UAID_18C04D8F75B69C7302_2034457391_SM_Bedroom_Sidetable_005V,BP_pipeline_C_UAID_18C04D8F75B69C7302_2034457391_SM_Bedroom_Suitcase_001V,"Measuring from the closest point of each object, what is the distance between the sidetable and the suitcase (in meters)?",1.23
32,BP_pipeline_C_UAID_18C04D8F75B69C7302_2034457391_SM_Bedroom_Sidetable_005V,BP_pipeline_C_UAID_18C04D8F75B69C7302_2034457391_SM_TargetActor_Crate_002V,"Measuring from the closest point of each object, what is the distance between the sidetable and the crate (in meters)?",0.01
33,BP_pipeline_C_UAID_18C04D8F75B69C7302_2034457391_SM_Bedroom_Sidetable_005V,BP_pipeline_C_UAID_18C04D8F75B69C7302_2034457391_SM_TargetActor_Plant_002V,"Measuring from the closest point of each object, what is the distance between the sidetable and the plant (in meters)?",0.88
34,BP_pipeline_C_UAID_18C04D8F75B69C7302_2034457391_SM_Bedroom_Sidetable_005V,BP_pipeline_C_UAID_18C04D8F75B69C7302_2034457391_SM_TargetActor_Heater_002V,"Measuring from the closest point of each object, what is the distance between the sidetable and the heater (in meters)?",2.28
35,BP_pipeline_C_UAID_18C04D8F75B69C7302_2034457391_SM_Bedroom_Sidetable_005V,BP_pipeline_C_UAID_18C04D8F75B69C7302_2034457391_SM_Bedroom_Couch_002V,"Measuring from the closest point of each object, what is the distance between the sidetable and the couch (in meters)?",1.99
36,BP_pipeline_C_UAID_18C04D8F75B69C7302_2034457391_SM_Bedroom_Sidetable_005V,BP_pipeline_C_UAID_18C04D8F75B69C7302_2034457391_SM_Kitchen_table_rectangle,"Measuring from the closest point of each object, what is the distance between the sidetable and the table (in meters)?",7.55
37,BP_pipeline_C_UAID_18C04D8F75B69C7302_2034457391_SM_Bedroom_Sidetable_006V,BP_pipeline_C_UAID_18C04D8F75B69C7302_2034457391_SM_TargetActor_Basket_001V,"Measuring from the closest point of each object, what is the distance between the sidetable and the basket (in meters)?",0.4
38,BP_pipeline_C_UAID_18C04D8F75B69C7302_2034457391_SM_Bedroom_Sidetable_006V,BP_pipeline_C_UAID_18C04D8F75B69C7302_2034457391_SM_TargetActor_Crate_002V,"Measuring from the closest point of each object, what is the distance between the sidetable and the crate (in meters)?",0.77
39,BP_pipeline_C_UAID_18C04D8F75B69C7302_2034457391_SM_Bedroom_Sidetable_006V,BP_pipeline_C_UAID_18C04D8F75B69C7302_2034457391_SM_TargetActor_PaperBag_001V,"Measuring from the closest point of each object, what is the distance between the sidetable and the paper bag (in meters)?",0.83
40,BP_pipeline_C_UAID_18C04D8F75B69C7302_2034457391_SM_Bedroom_Sidetable_006V,BP_pipeline_C_UAID_18C04D8F75B69C7302_2034457391_SM_TargetActor_Plant_002V,"Measuring from the closest point of each object, what is the distance between the sidetable and the plant (in meters)?",0.04
41,BP_pipeline_C_UAID_18C04D8F75B69C7302_2034457391_SM_Bedroom_Sidetable_006V,BP_pipeline_C_UAID_18C04D8F75B69C7302_2034457391_SM_TargetActor_Heater_002V,"Measuring from the closest point of each object, what is the distance between the sidetable and the heater (in meters)?",1.05
42,BP_pipeline_C_UAID_18C04D8F75B69C7302_2034457391_SM_Bedroom_Sidetable_006V,BP_pipeline_C_UAID_18C04D8F75B69C7302_2034457391_SM_Bedroom_Couch_002V,"Measuring from the closest point of each object, what is the distance between the sidetable and the couch (in meters)?",1.42
43,BP_pipeline_C_UAID_18C04D8F75B69C7302_2034457391_SM_Bedroom_Sidetable_006V,BP_pipeline_C_UAID_18C04D8F75B69C7302_2034457391_SM_Kitchen_table_rectangle,"Measuring from the closest point of each object, what is the distance between the sidetable and the table (in meters)?",7.6
44,BP_pipeline_C_UAID_18C04D8F75B69C7302_2034457391_SM_Bedroom_Suitcase_001V,BP_pipeline_C_UAID_18C04D8F75B69C7302_2034457391_SM_TargetActor_Basket_001V,"Measuring from the closest point of each object, what is the distance between the suitcase and the basket (in meters)?",0.93
45,BP_pipeline_C_UAID_18C04D8F75B69C7302_2034457391_SM_Bedroom_Suitcase_001V,BP_pipeline_C_UAID_18C04D8F75B69C7302_2034457391_SM_TargetActor_Crate_002V,"Measuring from the closest point of each object, what is the distance between the suitcase and the crate (in meters)?",1.28
46,BP_pipeline_C_UAID_18C04D8F75B69C7302_2034457391_SM_Bedroom_Suitcase_001V,BP_pipeline_C_UAID_18C04D8F75B69C7302_2034457391_SM_TargetActor_PaperBag_001V,"Measuring from the closest point of each object, what is the distance between the suitcase and the paper bag (in meters)?",1.38
47,BP_pipeline_C_UAID_18C04D8F75B69C7302_2034457391_SM_Bedroom_Suitcase_001V,BP_pipeline_C_UAID_18C04D8F75B69C7302_2034457391_SM_TargetActor_Plant_002V,"Measuring from the closest point of each object, what is the distance between the suitcase and the plant (in meters)?",0.07
48,BP_pipeline_C_UAID_18C04D8F75B69C7302_2034457391_SM_Bedroom_Suitcase_001V,BP_pipeline_C_UAID_18C04D8F75B69C7302_2034457391_SM_TargetActor_Heater_002V,"Measuring from the closest point of each object, what is the distance between the suitcase and the heater (in meters)?",0.74
49,BP_pipeline_C_UAID_18C04D8F75B69C7302_2034457391_SM_Bedroom_Suitcase_001V,BP_pipeline_C_UAID_18C04D8F75B69C7302_2034457391_SM_Bedroom_Couch_002V,"Measuring from the closest point of each object, what is the distance between the suitcase and the couch (in meters)?",1.33
50,BP_pipeline_C_UAID_18C04D8F75B69C7302_2034457391_SM_Bedroom_Suitcase_001V,BP_pipeline_C_UAID_18C04D8F75B69C7302_2034457391_SM_Kitchen_table_rectangle,"Measuring from the closest point of each object, what is the distance between the suitcase and the table (in meters)?",7.63
51,BP_pipeline_C_UAID_18C04D8F75B69C7302_2034457391_SM_TargetActor_Basket_001V,BP_pipeline_C_UAID_18C04D8F75B69C7302_2034457391_SM_TargetActor_Crate_002V,"Measuring from the closest point of each object, what is the distance between the basket and the crate (in meters)?",0.67
52,BP_pipeline_C_UAID_18C04D8F75B69C7302_2034457391_SM_TargetActor_Basket_001V,BP_pipeline_C_UAID_18C04D8F75B69C7302_2034457391_SM_TargetActor_PaperBag_001V,"Measuring from the closest point of each object, what is the distance between the basket and the paper bag (in meters)?",0.37
53,BP_pipeline_C_UAID_18C04D8F75B69C7302_2034457391_SM_TargetActor_Basket_001V,BP_pipeline_C_UAID_18C04D8F75B69C7302_2034457391_SM_TargetActor_Plant_002V,"Measuring from the closest point of each object, what is the distance between the basket and the plant (in meters)?",0.95
54,BP_pipeline_C_UAID_18C04D8F75B69C7302_2034457391_SM_TargetActor_Basket_001V,BP_pipeline_C_UAID_18C04D8F75B69C7302_2034457391_SM_TargetActor_Heater_002V,"Measuring from the closest point of each object, what is the distance between the basket and the heater (in meters)?",2.11
55,BP_pipeline_C_UAID_18C04D8F75B69C7302_2034457391_SM_TargetActor_Basket_001V,BP_pipeline_C_UAID_18C04D8F75B69C7302_2034457391_SM_Bedroom_Couch_002V,"Measuring from the closest point of each object, what is the distance between the basket and the couch (in meters)?",1.71
56,BP_pipeline_C_UAID_18C04D8F75B69C7302_2034457391_SM_TargetActor_Basket_001V,BP_pipeline_C_UAID_18C04D8F75B69C7302_2034457391_SM_Kitchen_table_rectangle,"Measuring from the closest point of each object, what is the distance between the basket and the table (in meters)?",8.32
57,BP_pipeline_C_UAID_18C04D8F75B69C7302_2034457391_SM_TargetActor_Crate_002V,BP_pipeline_C_UAID_18C04D8F75B69C7302_2034457391_SM_TargetActor_PaperBag_001V,"Measuring from the closest point of each object, what is the distance between the crate and the paper bag (in meters)?",0.02
58,BP_pipeline_C_UAID_18C04D8F75B69C7302_2034457391_SM_TargetActor_Crate_002V,BP_pipeline_C_UAID_18C04D8F75B69C7302_2034457391_SM_TargetActor_Plant_002V,"Measuring from the closest point of each object, what is the distance between the crate and the plant (in meters)?",0.93
59,BP_pipeline_C_UAID_18C04D8F75B69C7302_2034457391_SM_TargetActor_Crate_002V,BP_pipeline_C_UAID_18C04D8F75B69C7302_2034457391_SM_TargetActor_Heater_002V,"Measuring from the closest point of each object, what is the distance between the crate and the heater (in meters)?",2.34
60,BP_pipeline_C_UAID_18C04D8F75B69C7302_2034457391_SM_TargetActor_Crate_002V,BP_pipeline_C_UAID_18C04D8F75B69C7302_2034457391_SM_Bedroom_Couch_002V,"Measuring from the closest point of each object, what is the distance between the crate and the couch (in meters)?",2.4
61,BP_pipeline_C_UAID_18C04D8F75B69C7302_2034457391_SM_TargetActor_Crate_002V,BP_pipeline_C_UAID_18C04D8F75B69C7302_2034457391_SM_Kitchen_table_rectangle,"Measuring from the closest point of each object, what is the distance between the crate and the table (in meters)?",7.61
62,BP_pipeline_C_UAID_18C04D8F75B69C7302_2034457391_SM_TargetActor_PaperBag_001V,BP_pipeline_C_UAID_18C04D8F75B69C7302_2034457391_SM_TargetActor_Plant_002V,"Measuring from the closest point of each object, what is the distance between the paper bag and the plant (in meters)?",1.05
63,BP_pipeline_C_UAID_18C04D8F75B69C7302_2034457391_SM_TargetActor_PaperBag_001V,BP_pipeline_C_UAID_18C04D8F75B69C7302_2034457391_SM_TargetActor_Heater_002V,"Measuring from the closest point of each object, what is the distance between the paper bag and the heater (in meters)?",2.44
64,BP_pipeline_C_UAID_18C04D8F75B69C7302_2034457391_SM_TargetActor_PaperBag_001V,BP_pipeline_C_UAID_18C04D8F75B69C7302_2034457391_SM_Bedroom_Couch_002V,"Measuring from the closest point of each object, what is the distance between the paper bag and the couch (in meters)?",2.4
65,BP_pipeline_C_UAID_18C04D8F75B69C7302_2034457391_SM_TargetActor_PaperBag_001V,BP_pipeline_C_UAID_18C04D8F75B69C7302_2034457391_SM_Kitchen_table_rectangle,"Measuring from the closest point of each object, what is the distance between the paper bag and the table (in meters)?",7.78
66,BP_pipeline_C_UAID_18C04D8F75B69C7302_2034457391_SM_TargetActor_Plant_002V,BP_pipeline_C_UAID_18C04D8F75B69C7302_2034457391_SM_TargetActor_Heater_002V,"Measuring from the closest point of each object, what is the distance between the plant and the heater (in meters)?",0.69
67,BP_pipeline_C_UAID_18C04D8F75B69C7302_2034457391_SM_TargetActor_Plant_002V,BP_pipeline_C_UAID_18C04D8F75B69C7302_2034457391_SM_Bedroom_Couch_002V,"Measuring from the closest point of each object, what is the distance between the plant and the couch (in meters)?",1.91
68,BP_pipeline_C_UAID_18C04D8F75B69C7302_2034457391_SM_TargetActor_Plant_002V,BP_pipeline_C_UAID_18C04D8F75B69C7302_2034457391_SM_Kitchen_table_rectangle,"Measuring from the closest point of each object, what is the distance between the plant and the table (in meters)?",6.88
69,BP_pipeline_C_UAID_18C04D8F75B69C7302_2034457391_SM_TargetActor_Heater_002V,BP_pipeline_C_UAID_18C04D8F75B69C7302_2034457391_SM_Bedroom_Couch_002V,"Measuring from the closest point of each object, what is the distance between the heater and the couch (in meters)?",1.93
70,BP_pipeline_C_UAID_18C04D8F75B69C7302_2034457391_SM_TargetActor_Heater_002V,BP_pipeline_C_UAID_18C04D8F75B69C7302_2034457391_SM_Kitchen_table_rectangle,"Measuring from the closest point of each object, what is the distance between the heater and the table (in meters)?",7.14
71,BP_pipeline_C_UAID_18C04D8F75B69C7302_2034457391_SM_Bedroom_Couch_002V,BP_pipeline_C_UAID_18C04D8F75B69C7302_2034457391_SM_Kitchen_table_rectangle,"Measuring from the closest point of each object, what is the distance between the couch and the table (in meters)?",9.46
